after,n,b3p,b3r,b3f,purity,invpur,purf,buckets,obuckets,time
1000,1000,1.0,0.754666666666667,0.860182370820669,1.0000000000000007,0.7550000000000006,0.8144325396825393,996,751,59.714097023010254
