after,n,b3p,b3r,b3f,purity,invpur,purf,buckets,obuckets,time
1000,1000,1.0,0.3699999999999997,0.5401459854014595,1.0000000000000007,0.3700000000000003,0.48626951022833476,1000,370,36.826218128204346
2000,2000,1.0,0.29399999999999993,0.45440494590417296,0.9999999999999453,0.2940000000000002,0.3991010796794646,2000,588,40.0582709312439
3000,3000,1.0,0.2710000000000009,0.4264358772619996,0.9999999999999564,0.2709999999999986,0.371787849164917,3000,813,42.72328305244446
