n,b3p,b3r,b3f,purity,invpur,purf,buckets,obuckets
1001,0.9062213122652683,0.6746819944202181,0.7734960130194426,0.923076923076921,0.7292707292707292,0.7760078257674653,551,370
2001,0.8768533899142855,0.6011791178120709,0.7133076500598727,0.8995502248875502,0.6681659170414752,0.7084974756475153,966,588
3001,0.864423500557199,0.5792451320350812,0.693667637310082,0.8900366544485266,0.6514495168277301,0.693039636040661,1371,813
4001,0.8541900955254291,0.5795213918610023,0.6905453955386422,0.8822794301424502,0.6488377905523587,0.6869307724581046,1851,1099
5001,0.8427262370946774,0.581773086393135,0.6883477385424507,0.8746250749849798,0.6478704259148106,0.676649671729935,2300,1343
