n,b3p,b3r,b3f,purity,invpur,purf,buckets,obuckets
1001,0.9088853149292709,0.672787810173093,0.7732153389028109,0.9250749250749227,0.7262737262737264,0.7747093390067937,555,370
2001,0.8760575116236403,0.6012023689935797,0.7130605227601462,0.8990504747626127,0.6686656671664127,0.7092180141420195,971,588
3001,0.8640473703067645,0.5798501817707948,0.6939800181945905,0.8897034321892798,0.652115961346224,0.6939521064620237,1380,813
