n,b3p,b3r,b3f,purity,invpur,purf,buckets,obuckets
1001,0.9088853149292709,0.6715957249473941,0.7724274781829689,0.925074925074923,0.7252747252747254,0.7737469680444228,555,370
2001,0.8755402250670205,0.6050035850472367,0.7155546109476264,0.8980509745127376,0.673663168415788,0.712078833868787,969,588
3001,0.8645835346304118,0.5799603295043474,0.6942318112695399,0.8910363212262675,0.6544485171609523,0.6962570599473014,1379,813
4001,0.8554415175823696,0.579647743144046,0.6910437679776739,0.8837790552361761,0.6505873531617063,0.6886361256569703,1868,1099
5001,0.8437100367162907,0.5817085778859005,0.6886304985476368,0.8756248750249706,0.6492701459707991,0.6776307685384869,2319,1343
