n,b3p,b3r,b3f,purity,invpur,purf,buckets,obuckets
1001,0.9497558718337948,0.43048173589397043,0.5924379311118502,0.9560439560439472,0.45954045954046174,0.5661215153726441,857,370
2001,0.9180525701583405,0.348032755644321,0.504724854331594,0.9350324837581125,0.3798100949525209,0.4729741152352918,1628,588
3001,0.895535670469215,0.32330095841764916,0.4750883485087056,0.91602799066979,0.35688103965345314,0.4443652478277209,2390,813
4001,0.8703152185524953,0.3337173979547412,0.48244428955468416,0.8907773056735528,0.36890777305673567,0.4481948435097339,3109,1099
5001,0.8087820958621547,0.3518067461843344,0.4903286800787864,0.8350329934012731,0.39072185562886946,0.43725680898708985,3552,1343
