n,b3p,b3r,b3f,purity,invpur,purf,buckets,obuckets
1001,0.9497558718337948,0.43048173589397043,0.5924379311118502,0.9560439560439472,0.45954045954046174,0.5661215153726441,857,370
2001,0.9180525701583406,0.348032755644321,0.5047248543315941,0.9350324837581125,0.3798100949525209,0.47314069861027097,1628,588
3001,0.8949171729111006,0.3234755587470367,0.47518969051263443,0.9156947684105431,0.35721426191270006,0.4454032468780287,2387,813
4001,0.8698622209288828,0.33359842159595365,0.48225035976087155,0.8905273681579318,0.3689077730567357,0.44923386997770437,3106,1099
5001,0.8083472028989691,0.35149826966400316,0.48994913517032834,0.8348330333932746,0.39052189562087103,0.4380110810917331,3549,1343
