n,b3p,b3r,b3f,purity,invpur,purf,buckets,obuckets
1001,0.9897602397602397,0.4437522146087415,0.6127722113424131,0.9920079920079825,0.4835164835164863,0.607164984555861,863,370
2001,0.990114791089304,0.35908546336319286,0.52703196188668,0.9930034982508652,0.39630184907545934,0.5102968263364259,1756,588
3001,0.9924090959579126,0.32207745916804165,0.4863231180797441,0.994335221592818,0.3528823725424901,0.4633092416504631,2706,813
4001,0.9926400975513693,0.3212727040059664,0.4854327743318792,0.9945013746562995,0.3486628342914278,0.46053584286458726,3645,1099
