n,b3p,b3r,b3f,purity,invpur,purf,buckets,obuckets
1001,0.9875124875124875,0.45311032874139107,0.6211925881009487,0.9900099900099812,0.4945054945054974,0.6172869301633733,852,370
2001,0.9877909530083444,0.3666425002613906,0.5347861777516743,0.9910044977511152,0.4067966016991475,0.5208656645757523,1735,588
3001,0.9901931679339206,0.3292737706785678,0.494206605053124,0.9923358880373362,0.36221259580140386,0.4726371254010505,2673,813
4001,0.9907280755568679,0.3280965797742172,0.4929457327970519,0.9927518120469524,0.3574106473381653,0.4692613065086426,3602,1099
