n,b3p,b3r,b3f,purity,invpur,purf,buckets,obuckets
1001,0.8395261064092234,0.7087581680936094,0.7686198136145612,0.8691308691308676,0.7612387612387613,0.7670233964647474,482,370
2001,0.8034864196639084,0.6435685916678497,0.7146910372832981,0.8455772113942978,0.710644677661165,0.7072253884944111,821,588
3001,0.7832572866994647,0.6235417768623467,0.6943331893503295,0.8300566477840794,0.6981006331222988,0.6923618984306575,1137,813
4001,0.7600062255414944,0.630708953106195,0.689347090223855,0.8087978005498532,0.7030742314421358,0.6793625063435349,1492,1099
5001,0.7465533400930143,0.6348592955295889,0.6861908098199788,0.7982403519295973,0.703659268146364,0.6677310525075462,1833,1343
