n,b3p,b3r,b3f,purity,invpur,purf,buckets,obuckets
1001,0.8388237784341684,0.7122938480998774,0.7703980752944379,0.8671328671328655,0.7632367632367633,0.7668147190461827,479,370
2001,0.8009303625535973,0.6509817637700325,0.7182129698059905,0.8415792103947977,0.7181409295352279,0.710724255102708,816,588
3001,0.7800136758932831,0.6309530779909378,0.697609675529289,0.8263912029323633,0.7047650783072374,0.6952702489465258,1128,813
4001,0.7583562099015495,0.6374613138341106,0.6926732723978164,0.8070482379405057,0.7100724818795261,0.6831075206951704,1481,1099
5001,0.7446302569747869,0.6408026329608302,0.6888259008690307,0.7962407518496132,0.710057988402313,0.6710579230630302,1822,1343
