n,b3p,b3r,b3f,purity,invpur,purf,buckets,obuckets
1001,0.9239349650720886,0.5814189146710591,0.7137102735079353,0.9360639360639323,0.6313686313686322,0.7099859520528748,665,370
2001,0.8902208800023054,0.5316750217268106,0.665742414956416,0.9135432283858,0.599200399800096,0.6650951619259695,1144,588
3001,0.8832833995690447,0.5024815663384443,0.640561187582843,0.9066977674108738,0.5711429523492224,0.6396112710333738,1661,813
4001,0.8610327255301629,0.5200687507260054,0.648462436105052,0.8897775556110799,0.5896025993501602,0.6394061410782873,2153,1099
5001,0.8497279091700729,0.5143746754928353,0.6408293957518904,0.8796240751849327,0.5826834633073318,0.6338486904986785,2656,1343
6001,0.8451313280888114,0.5102910188073195,0.6363520970773419,0.8743542742876446,0.5804032661223215,0.6302963280355239,3159,1588
7001,0.848413468511006,0.4979656847181257,0.627580711953082,0.8773032423939833,0.5682045422082609,0.6206758556939508,3693,1766
8001,0.8472681094356959,0.4984342631983272,0.6276387178115965,0.8768903887014161,0.5696787901512443,0.6231398281481868,4162,1982
