n,b3p,b3r,b3f,purity,invpur,purf,buckets,obuckets
1001,0.13226291873318058,0.7650522855284124,0.22553512475194673,0.2067932067932066,0.8061938061938064,0.18293914718492266,67,370
2001,0.11789984098147777,0.7316717491120724,0.2030764302310394,0.1959020489755119,0.7801099450274814,0.15921034574818752,113,588
3001,0.12077233395318582,0.709937663317543,0.20642782401037538,0.20226591136287964,0.762079306897707,0.15228239231810722,174,813
4001,0.10327103803766696,0.7287321480773645,0.18090537786225103,0.16895776055986014,0.7800549862534312,0.12840478236525035,217,1099
5001,0.09000252655790837,0.7319146513590676,0.1602939313520975,0.1453709258148378,0.7838432313537201,0.11283140396205352,242,1343
6001,0.07857360881503526,0.743006774846481,0.14211810514151885,0.1294784202632892,0.7948675220796662,0.10017691479364592,250,1588
7001,0.07388051842261306,0.7352516452832144,0.1342692211759666,0.1215540637051847,0.7888873018140321,0.0980416465643621,268,1766
8001,0.07190843719814953,0.7359447475280805,0.13101548068258229,0.11623547056617907,0.7899012623422277,0.09692499839360642,283,1982
