n,b3p,b3r,b3f,purity,invpur,purf,buckets,obuckets
1001,0.8220582429373636,0.6395450224328761,0.719406243646193,0.8501498501498482,0.6933066933066934,0.7089635307902411,535,370
2001,0.7966886041960494,0.5887882033914765,0.6771399555129997,0.8345827086456716,0.6556721639180367,0.6637170206797702,914,588
3001,0.7914442153798387,0.55461057781398,0.6521923710963539,0.8330556481173027,0.6264578473842111,0.6431000159244875,1336,813
4001,0.7521964390936384,0.571603068279168,0.6495814360708988,0.7973006748312803,0.6435891027243159,0.6290101170587834,1696,1099
5001,0.7351806717819396,0.5674776839725747,0.6405342169437366,0.7824435112977206,0.6372725454908948,0.6197316750539805,2066,1343
6001,0.730246147830825,0.5676298090257523,0.6387505358199776,0.7773704382603076,0.6397267122146407,0.6199658595859526,2421,1588
7001,0.737329250414057,0.5608346903091503,0.6370841291146535,0.7843165262105631,0.6337666047707539,0.6204615560756729,2796,1766
8001,0.7346672508533171,0.5613533220322394,0.636421844657275,0.7834020747406669,0.6347956505436952,0.6221610512532285,3141,1982
