n,b3p,b3r,b3f,purity,invpur,purf,buckets,obuckets
1001,0.4908345710603248,0.7181935031448099,0.5831365004260175,0.5604395604395616,0.7652347652347659,0.5279314182675311,273,370
2001,0.4629495159034248,0.6691397147915532,0.5472676510566854,0.5402298850574692,0.7291354322838536,0.5007400905816397,424,588
3001,0.433028462074158,0.6440276487535528,0.5178603035986077,0.5178273908697126,0.7047650783072373,0.4647867139091224,571,813
