n,b3p,b3r,b3f,purity,invpur,purf,buckets,obuckets
1001,0.030957760188529613,0.9796869796869796,0.060018943116866764,0.053946053946053965,0.9830169830169841,0.03974448405458501,24,370
2001,0.035685097111062776,0.9602052838315156,0.06881283212646855,0.06396801599200407,0.9740129935032428,0.03158034731014464,60,588
3001,0.042981283900977066,0.9459408166151075,0.08222639734967624,0.07130956347884046,0.9653448850383284,0.03210330075750993,112,813
