n,b3p,b3r,b3f,purity,invpur,purf,buckets,obuckets
1001,0.9719502719502722,0.48517899063134823,0.6472587765524787,0.9770229770229687,0.5334665334665358,0.6448917073533075,807,370
2001,0.9457985128563633,0.4477051558082321,0.6077326957701329,0.9595202398800516,0.5107446276861537,0.6065506665953911,1443,588
3001,0.9435477316782225,0.41667763109742084,0.5780736698818253,0.9573475508164078,0.47817394201933155,0.574554434865033,2135,813
4001,0.9358033026680002,0.4294767969648585,0.5887521617389229,0.9510122469382394,0.4893776555861011,0.5809508630737851,2810,1099
5001,0.932702157328153,0.4243441113583652,0.5833060776866896,0.947810437912373,0.48290341931613073,0.5781255343948795,3482,1343
6001,0.9317542692625532,0.41777996186029065,0.5768927591437117,0.9463422762873203,0.4759206798866932,0.5712344025707173,4191,1588
7001,0.9351478935046472,0.4081335419169232,0.5682580164184595,0.9490072846736854,0.4670761319811456,0.5639144949569749,4880,1766
8001,0.9323598472075937,0.41170419919336104,0.5711877574324112,0.9467566554180679,0.47369078865143477,0.5713940134421197,5466,1982
