n,b3p,b3r,b3f,purity,invpur,purf,buckets,obuckets
1001,0.029950602110274838,0.9806859806859807,0.05812600909692561,0.052947052947052965,0.9840159840159851,0.038066150857448744,23,370
2001,0.03518101845522434,0.9607050339564531,0.06787640302382167,0.06346826586706654,0.9745127436281803,0.030739186963043907,59,588
3001,0.04264506475680825,0.9462740388743545,0.08161217134406605,0.07097634121959355,0.9656781072975753,0.03154230123757817,111,813
