n,b3p,b3r,b3f,purity,invpur,purf,buckets,obuckets
1001,0.7816631180267543,0.6621438232264028,0.7169565274372159,0.8141858141858136,0.7132867132867132,0.697143106803514,487,370
2001,0.7544922770776319,0.6208530570971867,0.6811799555213729,0.7981009495252324,0.6866566716641636,0.6625941586748755,803,588
3001,0.7420329907057239,0.5868476287300518,0.6553791133172113,0.7897367544152024,0.6577807397534217,0.6417765814611635,1162,813
4001,0.7022122260074929,0.5992008282441821,0.6466296708062839,0.7540614846288333,0.6693326668332885,0.6232668516491318,1475,1099
5001,0.6826499352108079,0.5914463900470555,0.6337838542381382,0.735852829434097,0.6600679864027125,0.6088104174114952,1799,1343
6001,0.6772696725781914,0.5939633886581156,0.6328869221961452,0.7310448258623714,0.6643892684552678,0.6097997899779433,2101,1588
7001,0.6852171125117483,0.5860393082653309,0.6317595035350757,0.7391801171261422,0.6576203399514435,0.610747442263023,2440,1766
8001,0.6843106570769351,0.584261371716367,0.6303406887572854,0.7395325584302063,0.6564179477565439,0.6111314680063892,2757,1982
