n,b3p,b3r,b3f,purity,invpur,purf,buckets,obuckets
1001,0.4918622928080528,0.7181935031448099,0.5838611811424511,0.5614385614385626,0.7652347652347659,0.5289248837963543,274,370
2001,0.46262265929294555,0.66980604829147,0.5472617449483022,0.5412293853073442,0.7296351824087911,0.49934121282381755,424,588
3001,0.43251895199754514,0.6447892996318314,0.517741494533608,0.5171609463512189,0.7054315228257312,0.4633825200372392,571,813
4001,0.37937370796844094,0.66666761460031,0.4835682099294356,0.45763559110222407,0.7260684828792754,0.41628887262913966,681,1099
5001,0.341346620517096,0.6699012369730187,0.45225020083307826,0.41931613677264384,0.7298540291941523,0.3818330147873676,767,1343
6001,0.3162990789899376,0.6818407829864009,0.4321350541984245,0.394767538743546,0.7423762706215752,0.3628897535160628,845,1588
7001,0.309871424132342,0.6740454181703575,0.4245631433028588,0.3875160691329821,0.7361805456363452,0.3606175418482444,958,1766
8001,0.30823707519390026,0.6717958389868657,0.4225825103228105,0.3880764904387005,0.7346581677290507,0.3616732249007908,1065,1982
