n,b3p,b3r,b3f,purity,invpur,purf,buckets,obuckets
1001,0.775119529727824,0.7479829416573712,0.7613094941072677,0.8171828171828168,0.7882117882117889,0.7401492994501462,412,370
2001,0.7292958678537098,0.6765484974730985,0.701932640310534,0.7811094452773567,0.7361319340329789,0.6816329498381678,675,588
3001,0.7018162833297857,0.6559038966703252,0.6780838080828318,0.762745751416201,0.7200933022325955,0.6564100982436908,934,813
4001,0.661920287003429,0.6684639682379303,0.6651760346144937,0.7270682329417578,0.7295676080979706,0.6318282814408983,1195,1099
5001,0.6392988868691041,0.6702769704140891,0.6544215345702707,0.707258548290332,0.72905418916216,0.6139030864182308,1452,1343
