n,b3p,b3r,b3f,purity,invpur,purf,buckets,obuckets
1001,0.7750170680869006,0.7474120839436567,0.7609643065204609,0.815184815184815,0.7872127872127879,0.7400241479359699,410,370
2001,0.7299833911968208,0.6788637806370861,0.7034961558038711,0.7821089455272318,0.7386306846576666,0.6835315079789677,669,588
3001,0.6975836898968587,0.6595189612892494,0.6780174958334908,0.7590803065644847,0.7240919693435586,0.6555186388562781,923,813
4001,0.6578901723798207,0.6689361261971417,0.6633671699858908,0.7240689827543053,0.7308172956760765,0.6300116519894047,1185,1099
5001,0.6337630420178669,0.6688623924243872,0.6508398397667239,0.7020595880823737,0.7290541891621601,0.6105276619775364,1438,1343
