n,b3p,b3r,b3f,purity,invpur,purf,buckets,obuckets
1001,0.7988856875020932,0.7370876519443473,0.7667434849944499,0.8341658341658337,0.7832167832167833,0.7547112543632666,431,370
2001,0.7428714054820683,0.6772198106366271,0.7085280534625626,0.7936031984007953,0.7396301849075417,0.691848410828165,699,588
3001,0.706296787014005,0.6680104460614961,0.6866203136967797,0.766744418527164,0.7340886371209662,0.6654258361859295,951,813
4001,0.6624178082489374,0.6811932838283368,0.6716743628096092,0.7285678580354845,0.7430642339415099,0.6366735420372894,1215,1099
5001,0.6385503454913986,0.6782803097540268,0.6578159832597825,0.7080583883223249,0.7390521895620797,0.6157226790122781,1473,1343
