n,b3p,b3r,b3f,purity,invpur,purf,buckets,obuckets
1001,0.7910266062439973,0.7404842553409504,0.7649214408747781,0.8281718281718274,0.7862137862137863,0.7480182394083943,426,370
2001,0.7383671500200266,0.6795035548928638,0.7077134769993642,0.79060469765117,0.7411294352823543,0.6904910676977923,689,588
3001,0.7029047746672927,0.6684176729678311,0.6852275693602604,0.7634121959346946,0.7340886371209663,0.6634432992974172,944,813
4001,0.6607438307667822,0.6810856278816434,0.6707605410601248,0.7275681079730003,0.7428142964258889,0.6361316336842501,1206,1099
5001,0.6378180900564419,0.6785275691631023,0.6575433362553753,0.70745850829833,0.73905218956208,0.6159818165104312,1464,1343
